{
  "num_bench_rows": 801,
  "num_scored_rows": 801,
  "missing_predictions": 0,
  "classification": {
    "example_f1": 0.7815815702905382
  },
  "dialogue": {
    "turn1_set_match_accuracy": 0.10362047440699126,
    "turn2_set_match_accuracy": 0.3757802746566791
  }
}